{"cameraMode":{"drawMode":0,"name":"Shaded","section":"Shading Mode"},"sceneLighting":true,"audioPlay":false,"sceneViewState":{"m_AlwaysRefresh":false,"showFog":true,"showSkybox":true,"showFlares":true,"showImageEffects":true,"showParticleSystems":true,"showVisualEffectGraphs":true,"m_FxEnabled":true},"in2DMode":false,"pivot":{"x":-2.7525665760040285,"y":8.48902702331543,"z":-1.700689673423767},"rotation":{"x":-0.48981091380119326,"y":0.00014090229524299502,"z":-0.00007027286483207718,"w":-0.8719611167907715},"size":19.812711715698243,"orthographic":true}